<?xml version="1.0"?>
<doc>
    <assembly>
        <name>Forguncy.Commands.Design</name>
    </assembly>
    <members>
        <member name="T:GrapeCity.Forguncy.Commands.CommandDesigner">
            <summary>
            <cn>
            命令设计器。
            </cn>
            <ja>
            Command Designer.
            </ja>
            </summary>
        </member>
        <member name="P:GrapeCity.Forguncy.Commands.CommandDesigner.Command">
            <summary>
            <cn>
            编辑器对应的命令。
            </cn>
            <ja>
            The editor's corresponding command.
            </ja>
            </summary>
        </member>
        <member name="M:GrapeCity.Forguncy.Commands.CommandDesigner.GetCommandEditor">
             <summary>
             <cn>
             返回命令插件对应的编辑器。
             </cn>
             <ja>
             コマンド型プラグインに対応するエディタを返します。
             </ja>
             </summary>
             <returns><cn>返回命令对应的编辑器。</cn><ja>コマンドに対応するエディタを返します。</ja></returns>
             <example>
             <para><cn>UserControl和自定义插件弹出消息框命令定义如下：</cn><ja>UserControlおよびカスタムブラグインのポップアップメッセージボックスコマンドは、次のように定義されています。</ja></para>
             <code lang="CS">
             public partial class ShowMessageCommandEditor : UserControl, ICommandEditor
             {
                 public ShowMessageCommandEditor()
                 {
                     InitializeComponent();
                 }
                 public Command Command
                 {
                     get
                     {
                         return new ShowMessageBoxCommand() { Message = messageTextBox.Text };
                         //messageTextBox is the name of TextBox in UserControl.
                     }
                     set
                     {
                         ShowMessageBoxCommand command = value as ShowMessageBoxCommand;
                         if (command != null)
                         {
                             messageTextBox.Text = command.Message;
                         }
                     }
                 }
            
                 public bool Validate()
                 {
                     return true;
                 }
             }
            public class ShowMessageCommandDesigner : CommandDesigner&lt;ShowMessageBoxCommand&gt;, ICommandChecker
            {
            
                public override ICommandEditor GetCommandEditor()
                {
                    return new ShowMessageCommandEditor();
                }
            }
            
            [Designer("ShowMessageBoxCommand.ShowMessageCommandDesigner, ShowMessageBoxCommand")]
            public class ShowMessageBoxCommand : Command
            {
            
                public string Message { get; set; }
            
            }
             </code>
             </example>
        </member>
        <member name="M:GrapeCity.Forguncy.Commands.CommandDesigner.GetCommandEditor(GrapeCity.Forguncy.Commands.IBuilderCommandContext)">
             <summary>
             <cn>
             返回命令插件对应的编辑器。
             </cn>
             <ja>
             コマンド型プラグインに対応するエディタを返します。
             </ja>
             </summary>
             <returns><cn>返回命令对应的编辑器。</cn><ja>コマンドに対応するエディタを返します。</ja></returns>
             <example>
             <para><cn>UserControl和自定义插件弹出消息框命令定义如下：</cn><ja>UserControlおよびカスタムブラグインのポップアップメッセージボックスコマンドは、次のように定義されています。</ja></para>
             <code lang="CS">
             public partial class ShowMessageCommandEditor : UserControl, ICommandEditor
             {
                 public ShowMessageCommandEditor()
                 {
                     InitializeComponent();
                 }
                 public Command Command
                 {
                     get
                     {
                         return new ShowMessageBoxCommand() { Message = messageTextBox.Text };
                         //messageTextBox is the name of TextBox in UserControl.
                     }
                     set
                     {
                         ShowMessageBoxCommand command = value as ShowMessageBoxCommand;
                         if (command != null)
                         {
                             messageTextBox.Text = command.Message;
                         }
                     }
                 }
            
                 public bool Validate()
                 {
                     return true;
                 }
             }
             public class ShowMessageCommandDesigner : CommandDesigner&lt;ShowMessageBoxCommand&gt;, ICommandChecker
             {
            
                 public override ICommandEditor GetCommandEditor(IBuilderCommandContext context)
                 {
                     return new ShowMessageCommandEditor();
                 }
             }
            
             [Designer("ShowMessageBoxCommand.ShowMessageCommandDesigner, ShowMessageBoxCommand")]
             public class ShowMessageBoxCommand : Command
             {
            
                 public string Message { get; set; }
            
             }
             </code>
             </example>
        </member>
        <member name="M:GrapeCity.Forguncy.Commands.CommandDesigner.GetEditorSetting(System.ComponentModel.PropertyDescriptor,GrapeCity.Forguncy.Commands.IBuilderCommandContext)">
            <summary>
            <cn>
            返回插件命令内部属性对应的编辑器。
            </cn>
            <ja>
            コマンド型プラグインの内部プロパティに対応するエディタを返します。
            </ja>
            </summary>
            <param name="property"><cn>命令内部属性</cn><ja>コマンドの内部プロパティ</ja></param>
            <param name="builderContext"><cn>命令编辑上下文信息。</cn><ja>このコマンドは、コンテキスト情報を編集します。</ja></param>
            <returns><cn>返回插件命令内部属性对应的编辑器。</cn><ja>コマンド型プラグインの内部プロパティに対応するエディタを返します。</ja></returns>
            <example>
            <code lang="CS">
            public class WorkflowCommandDesigner : CommandDesigner<![CDATA[<WorkflowCommand>]]>;
            {
                public string TableName { get; set; }
                
                public override EditorSetting GetEditorSetting(PropertyDescriptor property, IBuilderCommandContext builderContext)
                {
                    if (property.Name == "TableName")
                    {
                        return new ComboEditorSetting(builderContext.EnumAllTableInfos().Where(t => t.WorkflowInfo != null &amp;&amp; t.WorkflowInfo.IsEnabled).Select(t => t.TableName));
                    }
                }
            }
            </code>
            </example>
        </member>
        <member name="M:GrapeCity.Forguncy.Commands.CommandDesigner.OnPropertyEditorChanged(System.String,System.Object,System.Collections.Generic.Dictionary{System.String,GrapeCity.Forguncy.Plugin.EditorSetting})">
            <summary>
            Internal Use
            </summary>
            <param name="propertyName"></param>
            <param name="propertyValue"></param>
            <param name="properties"></param>
        </member>
        <member name="M:GrapeCity.Forguncy.Commands.CommandDesigner.SwitchCommand(GrapeCity.Forguncy.Commands.Command)">
            <summary>
            Init current command setting based on pre command
            </summary>
            <param name="preCommand"></param>
        </member>
        <member name="M:GrapeCity.Forguncy.Commands.CommandDesigner.GetSearchTags">
            <summary>
            get search tags
            </summary>
        </member>
        <member name="T:GrapeCity.Forguncy.Commands.CommandDesigner`1">
            <summary>
            <cn>
            命令编辑器。
            </cn>
            <ja>
            Command Editor.
            </ja>
            </summary>
        </member>
        <member name="P:GrapeCity.Forguncy.Commands.CommandDesigner`1.Command">
            <summary>
            <cn>
            编辑器对应的命令。
            </cn>
            <ja>
            The editor's corresponding command.
            </ja>
            </summary>
        </member>
        <member name="T:GrapeCity.Forguncy.Commands.ICommandEditor">
            <summary>
            <cn>
            插件命令数据编辑器。
            </cn>
            <ja>
            プラグインコマンドデータエディタ
            </ja>
            </summary>
            <example>
            <para><cn>UserControl和自定义插件弹出消息框命令定义如下：</cn><ja>UserControlおよびカスタムプラグインのポップアップメッセージボックスコマンドは、次のように定義されています。</ja></para>
            <code lang="CS">
            public partial class ShowMessageCommandEditor : UserControl, ICommandEditor
            {
                public ShowMessageCommandEditor()
                {
                   InitializeComponent();
                }   
                
                public Command Command
                {
                    get
                    {
                        return new ShowMessageBoxCommand() { Message = messageTextBox.Text };  //messageTextBox is the name of TextBox in UserControl.
                    }
                    set
                    {
                        ShowMessageBoxCommand command = value as ShowMessageBoxCommand;
                        if(command != null)
                        {
                            messageTextBox.Text = command.Message;
                        }
                    }
                }
                
                public bool Validate()
                {
                    return true;
                }
            }
            public class ShowMessageBoxCommand: Command
            {
                public string Message { get; set; }
                
                public override ICommandEditor GetCommandEditor() => new ShowMessageCommandEditor();
            }
            </code>
            </example>
        </member>
        <member name="P:GrapeCity.Forguncy.Commands.ICommandEditor.Command">
            <summary>
            <cn>
            命令数据。
            </cn>
            <ja>
            コマンドデータ
            </ja>
            </summary>
        </member>
        <member name="M:GrapeCity.Forguncy.Commands.ICommandEditor.Validate">
            <summary>
            <cn>
            编辑器关闭前的数据校验。
            </cn>
            <ja>
            エディタが閉じられる前のデータ検証
            </ja>
            </summary>
            <returns></returns>
        </member>
        <member name="T:GrapeCity.Forguncy.Commands.ICommandEditorHasScrollBar">
            <summary>
            <cn>
            内部使用。
            </cn>
            <ja>
            内部使用
            </ja>
            </summary>
        </member>
        <member name="T:GrapeCity.Forguncy.Commands.ICommandScopeCommandEditor">
            <summary>
            <cn>
            内部使用。
            </cn>
            <ja>
            内部使用
            </ja>
            </summary>
        </member>
        <member name="P:GrapeCity.Forguncy.Commands.ICommandScopeCommandEditor.CommandScope">
            <summary>
            <cn>
            内部使用。
            </cn>
            <ja>
            内部使用
            </ja>
            </summary>
        </member>
        <member name="T:GrapeCity.Forguncy.Commands.IBuilderCommandContext">
            <summary>
            <cn>
            命令编辑上下文信息。
            </cn>
            <ja>
            このコマンドは、コンテキスト情報を編集します。
            </ja>
            </summary>
        </member>
        <member name="P:GrapeCity.Forguncy.Commands.IBuilderCommandContext.IsShareCommandMode">
            <summary>
            <cn>
            判断当前命令窗口是否为模板命令的命令窗口
            </cn>
            <ja>
            現在のコマンドダイアログが再利用コマンドのコマンドダイアログであるかどうかを返します。
            </ja>
            </summary>
        </member>
        <member name="P:GrapeCity.Forguncy.Commands.IBuilderCommandContext.CommandCell">
            <summary>
            <cn>
            返回设置了命令的单元格信息。
            </cn>
            <ja>
            コマンドが設定されているセル情報を返します。
            </ja>
            </summary>
        </member>
        <member name="M:GrapeCity.Forguncy.Commands.IBuilderCommandContext.GetCell(System.String,System.Int32,System.Int32)">
            <summary>
            <cn>
            返回指定页面指定行列的单元格信息。
            </cn>
            <ja>
            指定されたページの指定された行と列のセル情報を返します。
            </ja>
            </summary>
            <param name="pageName"><cn>页面名称。</cn><ja>ページ名</ja></param>
            <param name="row"><cn>行索引。</cn><ja>行インデックス</ja></param>
            <param name="column"><cn>列索引。</cn><ja>列インデックス</ja></param>
            <returns><cn>返回指定页面指定行列的单元格信息。</cn><ja>指定されたページの指定された行と列のセル情報を返します。</ja></returns>
        </member>
        <member name="M:GrapeCity.Forguncy.Commands.IBuilderCommandContext.GetCell(GrapeCity.Forguncy.Plugin.IFormulaReferObject)">
            <summary>
            <cn>
            返回引用单元格公式所在的单元格信息。
            </cn>
            <ja>
            参照セル数式が配置されているセル情報を返します。
            </ja>
            </summary>
            <param name="obj"><cn>引用单元格公式。</cn><ja>セル式の参照</ja></param>
            <returns><cn>返回引用单元格公式所在的单元格信息。</cn><ja>参照セル数式が配置されているセル情報を返します。</ja></returns>
        </member>
        <member name="M:GrapeCity.Forguncy.Commands.IBuilderCommandContext.GetQueryConditionWindow(System.Object,System.String,System.Boolean)">
            <summary>
            <cn>
            获取活字格内部查询条件的对话窗口。
            </cn>
            <ja>
            Forguncyの内部クエリ条件のダイアログウィンドウを取得します。
            </ja>
            </summary>
            <param name="queryCondition"><cn>初始化内置查询条件对话窗口的对象。</cn><ja>ビルトインクエリ条件ダイアログのオブジェクトを初期設定します。</ja></param>
            <param name="tableName"><cn>数据表名。</cn><ja>テーブル名</ja></param>
            <param name="allowSelectTable"><cn>是否允许选择表。</cn><ja>テーブルの選択を許可するかどうか</ja></param>
            <returns><cn>返回活字格内部查询条件的对话窗口。</cn><ja>Forguncyのの内部クエリ条件のダイアログウィンドウを返します。</ja></returns>
            <example>
            <cn>
            代码参照<see cref="T:GrapeCity.Forguncy.Commands.IQueryConditionWindow"/>。
            </cn>
            <ja>
            コードは<see cref="T:GrapeCity.Forguncy.Commands.IQueryConditionWindow"/>を参照してください。
            </ja>
            </example>
        </member>
        <member name="M:GrapeCity.Forguncy.Commands.IBuilderCommandContext.HideCommandDialog">
            <summary>
            <cn>
            隐藏命令窗口，配合<see cref="M:GrapeCity.Forguncy.Commands.IBuilderCommandContext.ShowCommandDialog"/>使用。
            一般情况下，如果命令属性的编辑子窗口中有公式选择框，那么需要使用该函数。
            </cn>
            <ja>
            コマンドウィンドウを非表示にし、<see cref="M:GrapeCity.Forguncy.Commands.IBuilderCommandContext.ShowCommandDialog"/>と一緒に使用します。
            通常、コマンドプロパティの編集サブウィンドウに数式選択ボックスがある場合は、この関数を使用する必要があります。
            </ja>
            </summary>
        </member>
        <member name="M:GrapeCity.Forguncy.Commands.IBuilderCommandContext.ShowCommandDialog">
            <summary>
            <cn>
            重新显示命令窗口，配合<see cref="M:GrapeCity.Forguncy.Commands.IBuilderCommandContext.HideCommandDialog"/>使用。
            </cn>
            <ja>
            <see cref="M:GrapeCity.Forguncy.Commands.IBuilderCommandContext.HideCommandDialog"/>で使用するコマンドウィンドウを再表示します。
            </ja>
            </summary>
        </member>
        <member name="P:GrapeCity.Forguncy.Commands.IBuilderCommandContext.ForguncyUploadFilesFolderPath">
            <summary>
            <cn>
            用户在设计器中上传的文件或图片所在的文件目录。
            </cn>
            <ja>
            Forguncy Builderでユーザーがアップロードしたファイルまたは画像が格納されているファイルパス
            </ja>
            </summary>
        </member>
        <member name="M:GrapeCity.Forguncy.Commands.IBuilderCommandContext.StartServer">
            <summary>
            <cn>
            生成页面并启动服务器。
            </cn>
            <ja>
            Generate pages and start the server.
            </ja>
            </summary>
        </member>
        <member name="P:GrapeCity.Forguncy.Commands.IBuilderCommandContext.CommandScope">
            <summary>
            
            </summary>
        </member>
        <member name="T:GrapeCity.Forguncy.Commands.IQueryConditionWindow">
             <summary>
             <para><cn>活字格内置的设置查询条件的对话窗口。</cn><ja>クエリ条件を設定するためのForguncyのビルトインダイアログウィンドウ</ja></para>
             <para><cn>注意：由内置查询条件对话窗口生成的对象可能包含单元格引用信息，需要实现<see cref="T:GrapeCity.Forguncy.Plugin.IReferenceFormula"/>接口。</cn><ja>注意：ビルトインクエリ条件ダイアログウィンドウで生成されたオブジェクトには、セル参照情報が含まれている可能性があり、<see cref="T:GrapeCity.Forguncy.Plugin.IReferenceFormula"/>インタフェースを実装する必要があります。</ja></para>
             </summary>
             <example>
             <code lang="CS">
             
             public class TreeCellTypeDesigner : CellTypeDesigner<![CDATA[<TreeCellType>]]>
             {
                 public BindingTreeLevelInfo BindingTreeLevelInfo { get; set; }
                 
                 public override EditorSetting GetEditorSetting(PropertyDescriptor property, IBuilderContext builderContext)
                 {
                     if (property.Name == "BindingTreeLevelInfo")
                     {
                         return new HyperlinkEditorSetting(new BindingTreeLevelInfoEditorSettingsCommand(builderContext));
                     }
                     return base.GetEditorSetting(property, builderContext);
                 }
             }
            
             [Designer("Forguncy.TreeCellTypeDesigner, Forguncy")]
             public class TreeCellType : CellType, IDependenceCells, IReferenceFormula
             {
                 public BindingTreeLevelInfo BindingTreeLevelInfo { get; set; }
                 
                 public <![CDATA[IEnumerable<LocatedObject<object>>]]> GetFormulaReferObjects(LocationIndicator location)
                 {
                     if (this.BindingTreeLevelInfo != null)
                     {
                         return this.BindingTreeLevelInfo.GetFormulaReferObjects(location);
                     }
                     return Enumerable.Empty<![CDATA[<LocatedObject<object>>]]>();
                 }
                 
                 public <![CDATA[IEnumerable<object>]]> EnumDependenceCells(IBuilderContext context)
                 {
                     return EnumDependenceCells(this.BindingTreeLevelInfo, context);
                 }
                 
                 private <![CDATA[IEnumerable<object>]]> EnumDependenceCells(BindingTreeLevelInfo info, IBuilderContext context)
                 {
                     var result = Enumerable.Empty<![CDATA[<object>]]>();
                     if (info != null)
                     {
                         if (info.QueryCondition != null)
                         {
                             result = result.Union(context.EnumDependenceCells(info.QueryCondition) ?? Enumerable.Empty<![CDATA[<object>]]>());
                         }
                         if (info.SubBindingTreeLevelInfo != null)
                         {
                             result = result.Union(EnumDependenceCells(info.SubBindingTreeLevelInfo, context) ?? Enumerable.Empty<![CDATA[<object>]]>());
                         }
                     }
                     return result;
                 }
             }
             
             public class BindingTreeLevelInfoEditorSettingsCommand : ICommand
             {
                 IBuilderContext _builderContext;
                 public BindingTreeLevelInfoEditorSettingsCommand(IBuilderContext builderContext)
                 {
                     _builderContext = builderContext;
                 }
                 
                 public void Execute(object parameter)
                 {
                     var dataContext = parameter as IEditorSettingsDataContext;
                     BindingTreeLevelInfo bindingTreeLevelInfo = dataContext?.Value as BindingTreeLevelInfo;
                     
                     Window window = new Window();
                     UserControl dialog = new BindingTreeItemsEditor(_builderContext); 
                     /*<cn>这里需要将设计器上下文信息传递到编辑树节点的对话窗口，从而可以在需要的时候弹出查询对话窗口。</cn><ja>ここでは、デザイナコンテキスト情報を編集ツリーノードのダイアログウィンドウに渡す必要があるため、必要に応じてクエリダイアログウィンドウをポップアップすることができます。</ja>*/
                     
                     //...
                 }
             }
             
             public partial class BindingTreeItemsEditor : UserControl
             {
                 IBuilderContext _builderContext;
                 public BindingTreeItemsEditor(IBuilderContext builderContext)
                 {
                     InitializeComponent();
                     _builderContext = builderContext;
                 }
             
                 private void EditQueryConditionHyperlink_Click(object sender, RoutedEventArgs e)
                 {
                     /*<cn>使用数据层的查询条件和表名初始化查询对话窗口。</cn><ja>クエリダイアログウィンドウは、データレイヤのクエリ条件とテーブル名を使用して初期化されます。</ja>*/
                     var window = _builderContext?.GetQueryConditionWindow(queryCondition, tableName);
                     window.Closed += (s, e2) =>
                     {
                         if (window.DialogResult == true)
                         {
                             /*<cn>当窗口被关闭后需要将新生成的查询条件提交到数据层。</cn><ja>ウィンドウが閉じられると、新しく生成されたクエリ条件をデータレイヤに送信する必要があります。</ja>*/
                             /*ViewModel.QueryCondition = window.QueryCondition;*/
                             
                             /*<cn>重新打开父窗口。</cn><ja>親ウィンドウを再度開きます。</ja>*/
                             _builderContext.ShowParentDialog(this);
                         }
                     }
                     /*<cn>由于查询条件中可能引用单元格，所以这里需要暂时隐藏父窗口。</cn><ja>セルはクエリ条件で参照される可能性があるため、親ウィンドウを一時的に非表示にする必要があります。</ja>*/
                     _builderContext.HideParentDialog(this);
                     window.ShowDialog();
                 }
             }
             
             public class BindingTreeLevelInfo
             {
                 public string TableName { get; set; }
                 public string ValueColumn { get; set; }
                 public string NameColumn { get; set; }
                 public string MasterTableReletedColumn { get; set; }
                 public BindingTreeLevelInfo SubBindingTreeLevelInfo { get; set; }    
             
                 public object QueryCondition { get; set; }
                 
                 public <![CDATA[IEnumerable<LocatedObject<object>>]]> GetFormulaReferObjects(LocationIndicator location)
                 {
                     var newLocation = location.AppendProperty("TreeCellType").AppendProperty("BindingTreeLevelInfo");
                     if(this.QueryCondition is IReferenceFormula)
                     {
                         var items = (this.QueryCondition as IReferenceFormula).GetFormulaReferObjects(newLocation);
                         foreach (var item in items)
                         {
                             yield return item;
                         }
                     }
                     if (this.SubBindingTreeLevelInfo != null)
                     {
                         var items = this.SubBindingTreeLevelInfo.GetFormulaReferObjects(location);
                         foreach (var item in items)
                         {
                             yield return item;
                         }
                     }
                 }
             }
             </code>
             </example>
        </member>
        <member name="P:GrapeCity.Forguncy.Commands.IQueryConditionWindow.QueryCondition">
            <summary>
            <cn>
            查询条件。
            </cn>
            <ja>
            クエリー条件
            </ja>
            </summary>
        </member>
        <member name="T:GrapeCity.Forguncy.Commands.IWindow">
            <summary>
            <cn>
            内置对话框接口。
            </cn>
            <ja>
            ビルトインダイアログインターフェイス。
            </ja>
            </summary>
        </member>
        <member name="M:GrapeCity.Forguncy.Commands.IWindow.ShowDialog">
            <summary>
            <cn>
            打开对话框。
            </cn>
            <ja>
            ダイアログを開きます。
            </ja>
            </summary>
            <returns></returns>
        </member>
        <member name="E:GrapeCity.Forguncy.Commands.IWindow.Closed">
            <summary>
            <cn>
            对话框关闭事件。
            </cn>
            <ja>
            ダイアログが閉じる際のイベント
            </ja>
            </summary>
        </member>
        <member name="P:GrapeCity.Forguncy.Commands.IWindow.DialogResult">
            <summary>
            <cn>
            对话框返回结果。
            </cn>
            <ja>
            ダイアログが結果を返します。
            </ja>
            </summary>
        </member>
        <member name="T:GrapeCity.Forguncy.Commands.ICommandChecker">
            <summary>
            <cn>
            如果执行命令需要满足一些必要条件，实现该接口可以在运行页面时给出错误列表。
            </cn>
            <ja>
            コマンドの実行がいくつかの必要条件を満たす必要がある場合、インターフェースの実装はページを実行するときにエラーのリストを与えることができます。
            </ja>
            </summary>
            <example>
            <code lang="CS">
            public class ShowMessageBoxCommandDesigner: CommandDesigner<![CDATA[<ShowMessageBoxCommand>]]>, ICommandChecker
            {
                public string Message { get; set; }
                
                public <![CDATA[IEnumerable<ForguncyErrorInfo>]]> CheckCommandErrors(IBuilderCommandContext context)
                {
                    if(string.IsNullOrEmpty(this.Message))
                    {
                        yield return new ForguncyErrorInfo()
                        {
                            Message = "<cn>消息文本不能为空。</cn><ja>メッセージテキストを空にすることはできません。</ja>",
                            ErrorType = ForguncyErrorType.Warning
                        };
                    }
                }
            }
            </code>
            </example>
        </member>
        <member name="M:GrapeCity.Forguncy.Commands.ICommandChecker.CheckCommandErrors(GrapeCity.Forguncy.Commands.IBuilderCommandContext)">
            <summary>
            <cn>
            运行页面时检查与命令相关的所有错误和提醒列表并返回给用户。
            </cn>
            <ja>
            コマンドに関連するすべてのエラーと警告のリストを確認し、ページを実行しているときにユーザーに返します。
            </ja>
            </summary>
            <param name="context"><cn>与执行命令相关的上下文信息</cn><ja>コマンドの実行に関連するコンテキスト情報</ja></param>
            <returns><cn>返回与命令插件相关的所有错误和提醒列表。</cn><ja>コマンドプラグインに関連するすべてのエラーと警告のリストを返します。</ja></returns>
        </member>
    </members>
</doc>
